age,income,product_price,previous_purchases,purchased
22,3387.0,463.99,3,0
55,1391.0,480.35,2,0
49,1740.0,682.56,4,0
39,6055.0,23.7,5,1
38,1955.0,685.63,4,0
59,2184.0,502.91,2,0
22,5704.0,146.94,2,1
51,6986.0,622.89,3,1
27,2094.0,687.28,4,0
22,3058.0,218.33,4,1
43,3910.0,736.66,0,0
64,5574.0,374.48,2,1
53,2316.0,490.67,4,0
54,3206.0,788.03,4,0
52,4433.0,302.0,1,1
55,4022.0,654.26,6,0
42,3049.0,268.35,3,1
24,3339.0,643.39,6,0
58,1850.0,488.57,1,0
39,3214.0,188.76,5,1
42,3180.0,342.94,3,0
35,3779.0,267.76,3,1
26,2834.0,80.92,3,1
62,4066.0,43.27,2,1
55,4715.0,290.25,4,1
48,3687.0,34.85,5,1
37,3922.0,149.08,3,1
57,3564.0,585.64,3,0
44,3500.0,572.31,3,0
39,2634.0,596.09,4,0
39,3880.0,267.38,2,1
28,3383.0,714.22,3,0
22,6012.0,483.19,4,1
44,5388.0,118.3,5,1
60,3963.0,132.1,6,1
21,2584.0,560.61,2,0
59,2165.0,154.9,2,0
57,4929.0,415.69,2,0
31,3815.0,793.58,1,0
48,4076.0,23.13,5,1
25,1406.0,32.93,0,0
54,4613.0,794.61,1,0
51,4045.0,476.02,4,1
35,2167.0,118.99,5,1
21,2934.0,719.9,1,0
64,3816.0,706.7,5,0
39,3563.0,438.24,4,1
60,3149.0,505.0,3,0
50,3376.0,233.09,2,1
55,3198.0,59.41,5,1
54,3683.0,483.76,1,0
27,5266.0,249.91,2,1
35,800.0,537.62,4,0
40,3216.0,672.27,7,1
41,3712.0,34.17,6,1
20,3855.0,484.66,4,1
44,3054.0,200.4,4,1
25,1392.0,701.63,2,0
53,3894.0,217.86,2,1
50,5573.0,496.4,4,1
62,1659.0,451.76,2,0
53,4537.0,329.01,1,0
35,3106.0,548.54,2,0
64,3426.0,586.1,6,1
37,2237.0,462.21,2,0
33,3099.0,611.57,3,0
61,5060.0,787.07,1,0
35,4199.0,347.03,2,0
21,5579.0,421.37,5,1
40,4913.0,29.73,6,1
56,4027.0,640.9,0,0
27,5593.0,425.78,4,1
40,4027.0,338.21,2,1
24,4494.0,93.38,7,1
50,3144.0,713.93,4,0
40,3580.0,328.11,1,0
33,2663.0,552.41,2,0
28,4688.0,136.51,3,1
45,2086.0,770.01,3,0
50,4439.0,159.18,3,1
63,3271.0,175.64,3,1
38,4905.0,690.01,4,0
25,4401.0,731.81,1,0
57,5685.0,185.47,2,1
48,4377.0,386.44,3,1
51,1614.0,592.13,3,0
22,3420.0,705.13,2,0
32,2094.0,315.66,7,1
54,2878.0,423.28,3,0
57,5313.0,598.54,1,0
38,4265.0,590.29,5,0
56,2661.0,630.71,2,0
58,2284.0,464.55,4,0
36,3539.0,101.6,0,0
61,2040.0,725.1,3,0
31,2695.0,695.15,4,0
29,3874.0,642.52,4,1
50,4886.0,97.89,9,1
48,4231.0,179.43,1,1
24,800.0,600.01,4,0
57,3865.0,38.05,5,1
27,3586.0,783.8,9,0
56,3997.0,314.17,4,1
18,5439.0,581.06,5,1
56,1024.0,712.31,2,0
55,2791.0,327.81,3,0
55,4209.0,268.92,1,1
49,1602.0,494.82,1,0
40,5271.0,473.17,2,1
51,3942.0,339.13,5,1
31,4516.0,489.38,3,1
55,2815.0,749.6,0,0
44,4477.0,384.76,6,1
40,4782.0,173.46,4,1
42,3779.0,314.22,5,1
45,3781.0,327.4,1,1
19,3824.0,122.26,1,1
24,2464.0,147.04,2,1
29,3323.0,553.96,3,1
23,3317.0,284.79,6,1
39,3960.0,764.82,3,0
50,4700.0,210.01,1,1
49,2230.0,97.16,4,1
40,3350.0,607.73,3,0
59,5278.0,707.21,3,0
45,2608.0,236.93,4,0
21,2513.0,177.63,3,1
54,3743.0,164.9,2,1
45,4513.0,427.17,3,1
48,3514.0,385.36,6,1
45,5095.0,222.36,4,1
44,4528.0,55.24,6,1
22,4510.0,395.56,1,0
44,4165.0,768.28,1,0
56,6293.0,528.96,3,1
32,3254.0,406.5,3,0
46,1096.0,106.34,4,0
19,5425.0,216.9,6,1
34,2951.0,249.92,2,1
38,3629.0,616.55,7,1
65,5071.0,703.83,7,1
28,1577.0,723.28,2,0
31,1998.0,787.96,5,0
37,1578.0,786.25,1,0
65,2547.0,763.34,3,0
58,4028.0,76.02,2,1
19,4129.0,127.48,2,1
29,3832.0,257.48,1,0
57,1805.0,451.26,1,0
20,800.0,95.64,0,0
59,3565.0,679.72,3,0
31,2934.0,501.07,1,0
62,4051.0,443.04,2,1
32,4342.0,148.94,3,1
38,3666.0,217.54,5,1
49,4412.0,145.04,3,1
24,3775.0,684.51,0,0
44,4136.0,475.7,2,1
42,2654.0,593.4,6,0
55,3284.0,250.91,3,0
65,3736.0,309.58,2,0
49,4485.0,335.79,3,1
37,3028.0,612.81,1,0
37,4125.0,622.44,2,0
38,3181.0,181.31,5,1
57,3359.0,754.4,5,0
33,4495.0,114.11,2,1
26,1108.0,718.98,5,0
34,1944.0,98.31,2,0
19,1721.0,226.34,5,0
23,800.0,680.25,4,0
22,2686.0,160.0,3,1
55,4399.0,342.58,2,1
52,3158.0,370.89,3,0
51,3737.0,211.3,6,1
40,4807.0,573.99,3,1
52,5093.0,684.04,1,0
25,3417.0,702.17,1,0
61,5124.0,284.67,3,1
42,3611.0,434.06,0,0
63,2495.0,213.76,3,0
25,2787.0,210.94,0,0
41,1723.0,145.78,2,0
51,2434.0,753.21,4,0
41,3070.0,712.63,3,0
39,4464.0,626.34,2,0
25,5565.0,423.78,7,1
36,1841.0,402.67,2,0
29,3971.0,433.2,2,0
32,2251.0,438.52,5,0
50,4070.0,358.96,1,0
48,3343.0,122.77,3,1
47,1303.0,118.02,4,0
35,4614.0,762.75,4,0
64,2774.0,395.98,3,0
22,2859.0,763.5,1,0
34,2216.0,147.59,3,1
23,2715.0,452.44,3,1
34,4013.0,182.02,5,1
64,3273.0,217.48,2,0
35,3894.0,43.44,2,1
61,3934.0,112.78,4,1
41,5085.0,735.14,4,0
51,3089.0,270.8,2,0
39,1728.0,494.34,1,0
30,4781.0,382.71,2,1
54,3102.0,332.35,1,0
64,4838.0,434.87,1,0
30,3960.0,166.05,2,1
55,3343.0,791.11,2,0
30,3919.0,658.28,1,0
52,5841.0,598.46,5,1
55,5992.0,385.63,6,1
39,3583.0,139.24,3,0
53,3692.0,738.12,3,0
31,4791.0,286.28,0,1
21,2485.0,59.08,4,1
22,3900.0,287.07,2,1
39,3469.0,639.68,2,0
61,3877.0,505.71,4,0
24,2500.0,605.65,3,0
39,1593.0,639.04,2,0
51,1012.0,185.32,3,0
27,2159.0,740.55,5,0
52,2950.0,361.63,3,0
32,3148.0,518.43,3,0
56,5825.0,21.8,1,1
45,4827.0,794.83,2,0
44,2345.0,239.1,2,0
26,3917.0,68.41,4,1
40,3012.0,377.44,2,0
59,3159.0,120.64,2,1
18,3722.0,138.81,3,1
54,4243.0,513.18,3,1
41,3093.0,326.48,3,1
52,4777.0,739.04,3,0
49,2130.0,268.94,0,0
38,3508.0,586.42,3,0
32,6617.0,379.66,4,1
48,3768.0,534.76,3,1
24,5220.0,487.76,2,1
46,3610.0,388.77,2,1
22,4197.0,761.05,4,0
49,3432.0,287.32,5,1
48,3296.0,158.24,4,1
22,2565.0,548.91,3,0
54,4016.0,679.89,7,1
37,2478.0,51.4,4,1
55,4299.0,370.71,2,1
19,4802.0,716.14,1,0
26,3940.0,604.7,3,1
41,3157.0,793.61,4,0
27,4045.0,434.5,0,0
33,3130.0,534.8,1,0
49,4623.0,255.93,0,1
24,1302.0,759.08,6,0
50,3097.0,305.74,5,1
22,1111.0,596.04,2,0
26,1706.0,334.45,2,0
46,5137.0,458.22,2,1
56,4574.0,581.43,1,0
26,2637.0,416.97,1,0
32,1697.0,727.53,2,0
62,800.0,347.05,5,0
65,2848.0,524.72,5,0
45,6404.0,287.04,1,1
39,4022.0,338.36,3,1
34,2829.0,363.24,3,1
47,4058.0,118.13,1,1
46,1627.0,91.54,3,1
32,3143.0,540.64,3,0
19,3619.0,531.3,1,0
25,3397.0,537.07,5,0
64,4449.0,35.42,3,1
38,3914.0,274.71,2,1
41,4302.0,174.29,3,1
40,2674.0,626.96,3,0
55,4577.0,691.29,0,0
21,5455.0,212.41,0,1
21,2336.0,540.92,2,0
31,2435.0,120.9,2,1
41,5103.0,234.62,2,1
50,3270.0,128.15,3,0
41,5185.0,241.15,2,1
39,2969.0,546.29,6,1
63,5246.0,730.05,5,0
25,3658.0,177.97,2,1
45,3810.0,442.82,1,1
44,5378.0,567.09,2,1
40,3066.0,763.28,3,0
56,2371.0,495.85,1,0
30,2962.0,218.98,6,0
63,4043.0,507.87,6,1
33,1621.0,269.98,3,0
44,4265.0,781.38,0,0
42,2853.0,331.75,5,1
58,4877.0,554.63,4,1
39,800.0,38.12,4,1
31,2556.0,332.05,4,1
19,1476.0,702.58,5,0
35,2509.0,495.98,1,0
57,3797.0,366.28,1,1
18,3285.0,750.03,3,0
61,3196.0,686.11,1,0
44,3309.0,271.33,4,1
24,3744.0,444.75,3,0
32,2290.0,402.06,5,0
44,4348.0,513.12,1,0
33,4295.0,280.61,4,1
23,3962.0,210.48,6,1
49,4168.0,731.88,1,0
50,3856.0,740.62,2,0
23,5942.0,677.79,2,1
31,3395.0,783.0,4,0
29,3132.0,601.09,7,1
49,2596.0,616.44,4,0
53,2261.0,614.82,3,0
52,2007.0,394.87,2,0
63,2433.0,376.03,3,0
54,3415.0,207.38,4,1
33,3901.0,522.96,1,1
23,3561.0,245.67,2,1
47,2581.0,221.09,5,1
61,4580.0,477.05,0,0
64,4387.0,339.79,3,1
29,3308.0,190.71,7,1
29,2717.0,656.52,1,0
19,4158.0,691.24,2,0
24,3726.0,150.81,0,1
44,1762.0,25.86,2,1
44,3418.0,282.18,5,1
35,3814.0,642.06,2,0
32,2420.0,674.56,5,0
57,3728.0,127.9,1,1
40,1754.0,623.98,2,0
56,5103.0,110.25,6,1
64,4998.0,324.25,7,1
33,3197.0,798.92,4,0
27,3936.0,170.22,2,1
63,800.0,140.09,5,0
48,2112.0,349.78,2,0
31,3147.0,503.34,7,1
47,2213.0,747.66,8,0
42,4357.0,785.04,2,0
61,5897.0,74.32,3,1
30,2088.0,127.64,3,1
65,2495.0,636.78,4,0
62,3783.0,231.09,5,1
26,5433.0,710.18,3,1
25,2033.0,537.49,3,0
43,3799.0,107.24,4,1
20,5686.0,669.37,5,1
32,1518.0,157.56,4,0
38,1963.0,350.33,5,1
64,2992.0,450.7,3,0
65,2875.0,410.6,2,0
25,4475.0,555.21,2,1
60,3790.0,529.1,4,0
22,1370.0,793.79,3,0
53,4118.0,799.55,2,0
58,2807.0,422.84,3,0
60,5029.0,94.26,2,1
28,2747.0,587.72,2,0
60,2736.0,781.8,3,0
23,4149.0,268.29,2,1
42,4416.0,379.74,1,0
40,4038.0,351.33,3,0
33,1477.0,60.11,8,1
19,4146.0,544.37,1,0
55,2259.0,295.6,5,1
34,3782.0,634.22,2,0
49,1792.0,669.05,4,0
37,4036.0,660.56,1,0
35,2532.0,345.0,2,0
60,1961.0,270.81,5,0
22,4357.0,604.08,2,1
53,3790.0,645.08,8,1
53,2763.0,403.18,1,0
36,5241.0,716.56,1,0
30,2971.0,132.25,2,1
18,3539.0,705.67,1,0
62,3823.0,94.95,2,1
63,2756.0,139.75,0,0
29,4065.0,436.4,3,1
19,2860.0,72.66,3,1
23,3006.0,61.19,6,1
21,5135.0,20.4,2,1
57,2251.0,360.33,5,0
60,800.0,624.21,0,0
25,5433.0,47.17,3,1
53,6559.0,528.76,2,1
26,3014.0,662.04,1,0
35,1176.0,151.04,4,0
46,3127.0,134.55,6,1
52,3157.0,691.42,2,0
59,3272.0,662.04,2,0
20,2164.0,440.37,2,1
27,4195.0,658.98,2,0
31,4129.0,92.35,1,1
32,1707.0,327.7,2,0
65,4339.0,595.48,1,1
55,5963.0,220.81,1,1
33,3706.0,606.82,3,0
64,3095.0,413.26,0,0
41,3330.0,605.21,2,0
42,4238.0,382.45,5,1
38,1423.0,306.97,4,0
24,3697.0,190.97,4,1
62,3031.0,182.54,3,1
18,5717.0,606.16,3,1
26,3291.0,112.75,2,1
29,5501.0,87.07,1,1
31,2176.0,157.51,2,0
24,4205.0,156.77,2,1
18,3883.0,662.02,5,1
50,2457.0,330.84,4,1
64,3713.0,792.5,1,0
23,4955.0,127.02,1,1
32,3111.0,529.76,3,1
42,1470.0,370.01,2,0
62,3479.0,326.48,5,1
51,2417.0,702.57,3,0
54,3089.0,780.96,0,0
45,3402.0,700.83,4,0
38,1453.0,169.99,3,0
27,1561.0,192.22,2,0
59,4078.0,531.74,2,0
56,2873.0,245.49,8,1
19,800.0,593.09,2,0
52,4442.0,461.81,1,0
22,3827.0,449.71,3,1
53,2643.0,666.27,4,0
57,1920.0,574.22,3,0
24,4503.0,40.73,4,1
38,3919.0,58.58,3,1
23,6359.0,489.22,5,1
45,4004.0,399.23,3,0
62,3965.0,222.94,3,1
21,3300.0,346.55,2,1
37,4480.0,611.17,4,1
64,4250.0,664.76,1,1
32,5002.0,457.75,4,1
24,2874.0,320.59,2,0
41,2978.0,231.14,8,1
42,2925.0,427.1,3,0
49,4449.0,265.5,3,1
33,5298.0,459.99,2,1
63,2949.0,547.79,3,0
43,2990.0,71.54,2,1
31,3877.0,20.83,2,1
64,3205.0,185.58,8,1
62,4642.0,717.72,1,0
41,800.0,524.11,4,0
19,2508.0,154.13,8,1
46,2561.0,714.41,1,0
44,800.0,386.57,1,0
25,2344.0,391.35,6,1
48,2402.0,749.72,3,0
58,3259.0,66.4,4,1
23,4836.0,187.84,2,1
52,3206.0,476.9,1,0
24,2263.0,172.48,3,1
53,3432.0,550.03,2,0
38,4759.0,186.99,4,1
18,2329.0,97.34,0,0
64,2407.0,181.45,3,1
25,4170.0,349.73,3,1
46,3234.0,157.39,3,1
26,4277.0,125.06,4,1
62,3484.0,691.02,2,0
53,4342.0,269.91,2,1
56,2258.0,301.39,2,0
38,3485.0,63.11,5,1
40,3247.0,298.75,1,0
48,2041.0,226.55,1,0
55,1624.0,496.18,5,0
58,4323.0,180.2,2,1
18,3079.0,712.93,4,0
49,2273.0,745.14,1,0
23,3385.0,97.87,3,1
31,4854.0,103.77,1,1
57,800.0,109.95,5,0
30,1704.0,503.26,7,0
56,2393.0,115.14,0,0
40,5253.0,684.86,1,0
29,3839.0,608.33,1,0
34,4421.0,659.45,3,1
43,2132.0,430.33,2,0
54,2157.0,797.41,2,0
47,4037.0,54.46,4,1
62,3570.0,332.99,3,1
59,4158.0,272.67,1,0
54,3275.0,759.94,2,0
46,3834.0,469.95,2,0
31,3690.0,648.83,5,0
37,4433.0,152.87,2,1
23,4468.0,783.33,5,1
35,1556.0,408.94,1,0
62,803.0,405.06,2,0
38,4702.0,777.29,1,0
